ID,Group,Feature_1,Feature_2,Feature_3
ID000,A,2231.8984562913756,406.9530964784236,4675.4649342804805
ID001,B,2295.92691176332,403.5772095232111,4598.4500322249305
ID002,A,2558.2619932262264,374.82333732966833,5797.962026860007
ID003,B,2209.750780528341,388.57435087518843,4421.3164888092
ID004,B,2820.477907083123,408.62278542603036,5654.617634398117
ID005,C,2863.9262818142206,383.44545293445316,-2468.748603078279
ID006,A,2843.415640714766,404.440996355981,6508.344484262315
ID007,C,3003.5213346120227,388.4202073171804,-2601.480219975384
ID008,A,2643.521463949725,407.87443013557595,5897.467035368384
ID009,A,2527.521295526602,413.96978563315974,5512.190085112322
ID010,A,2512.796043059738,372.60818829001914,5678.655325158819
ID011,C,2909.2755211689873,380.63521328139956,-2511.9386776561814
ID012,B,2829.876671645897,421.7894955397398,5670.79324293755
ID013,C,2311.679667670685,374.04122769007733,-1943.0549079130901
ID014,C,2461.2049540392495,398.021881123792,-2073.8277544612915
ID015,A,2230.438176162352,397.49868585577184,4702.656482961621
ID016,B,3079.1943158009085,401.38682062404257,6171.185936448832
ID017,B,2559.5819539167483,367.4314469785443,5117.612421805767
ID018,B,2456.257824222006,420.82710999380873,4908.858776761452
ID019,B,2434.2656646464657,411.614876539241,4868.141902296923
ID020,A,3028.749331107576,414.08948143556336,7021.002046796997
ID021,B,2115.328160031316,406.6438884345821,4244.731592399084
ID022,A,2580.9480383443174,389.3215853124344,5827.536100632294
ID023,A,2763.6095787596673,415.4260173727738,6213.231778044041
ID024,B,2502.3898820949466,432.3304418336478,5013.309532895441
ID025,C,2826.571875732566,391.1435532356757,-2429.7333884217646
ID026,A,2523.6934907920786,404.4908060661005,5572.378246545485
ID027,C,2741.824699557047,389.66319218959416,-2359.915855591771
ID028,A,2655.7314756844903,391.9889729193471,6010.05128737565
ID029,B,2461.8146650591834,407.6833630448192,4942.398767320613
ID030,B,2247.704796739113,409.08672537679377,4491.786886955624
ID031,C,2351.408139757915,361.4093625980974,-2003.6724496854338
ID032,A,2458.893998539766,420.9158484508998,5274.799585479963
ID033,B,2796.227348538166,396.63810379719257,5586.426707995693
ID034,B,2284.4350954521105,394.32592807016067,4585.377894036787
ID035,B,3081.410494202987,393.4926363793927,6141.236687497495
ID036,A,2566.1173932792044,430.41048149878753,5551.012571782661
ID037,C,2357.4715328897964,405.0153029392398,-1974.937639773479
ID038,A,2571.5961967465614,408.57094725411423,5684.635572348379
ID039,C,2621.6927308355594,399.446645340807,-2232.866512668532
ID040,C,2589.8976189076006,411.73136100365906,-2184.600565549289
ID041,A,2707.3495123655975,388.4216695174326,6182.356642282248
ID042,C,1928.2488376222348,402.65639642256565,-1534.0036563575845
ID043,A,2584.6132980719944,415.8435997153113,5662.079630440202
ID044,A,1813.7080222127229,434.04039337078166,3271.6773062934926
ID045,A,2334.5577624422017,384.50681680960776,5107.311714184365
ID046,B,2862.2861995086605,424.0645405356702,5702.1284729605295
ID047,B,2154.4605801757616,368.9610496742545,4316.025595897774
ID048,C,2546.5547787718792,373.2400847074655,-2188.920697560328
ID049,A,2310.3972831086267,377.6666941160538,5065.020363085395
ID050,A,1954.9682001679835,391.36832551798665,3914.969824224224
ID051,B,2443.595530282012,404.14140279502516,4873.92593398263
ID052,A,2526.720014318433,403.88743416585004,5575.808041911869
ID053,B,2018.3818293113538,396.3089368441231,4030.0875418575492
ID054,C,2287.745323744966,388.6739206212257,-1895.9629698992246
ID055,C,1855.2686630874937,414.0484827757833,-1473.0152716441803
ID056,A,2537.89112597084,409.99627405364765,5560.553375100799
ID057,B,2486.911269833151,397.12024166364927,4991.13295091676
ID058,B,2803.814505606481,406.35051412433575,5623.59221668717
ID059,B,1977.2988640032045,417.6652319441552,3932.441204570515
ID060,B,2179.4576862682748,427.730062394735,4371.8690440008195
ID061,C,2996.6048199964175,388.9575636575916,-2593.190057375277
ID062,C,2755.5795931602156,404.2078943943618,-2351.4752789971267
ID063,C,2911.2946494698767,403.9190652166724,-2507.15392115321
ID064,A,2582.2223595956175,384.10942800432554,5831.715161602951
ID065,C,2621.1427086835315,391.7855971086047,-2232.14985426894
ID066,B,2187.991403927187,409.159638267723,4368.996196722502
ID067,A,2876.0154468542405,410.37570131530407,6583.2171473974995
ID068,B,2379.332554856945,405.5394606956827,4777.574283642167
ID069,C,2040.0953462499178,400.1930852206866,-1634.5128222421815
ID070,A,2963.8736669813907,390.1600284765975,6930.403296367891
ID071,A,2537.363993390154,404.94529062794237,5564.03338639561
ID072,C,2561.9649544441036,370.9584191588007,-2203.898509243133
ID073,A,2228.5016360891814,423.97305304808197,4595.1917417368695
ID074,A,2696.349437570033,407.40295924528414,6029.226059218375
ID075,A,2638.399313975466,404.22133261974653,5884.9121227455935
ID076,A,2003.6226320587539,408.36113306699474,3985.181200448824
ID077,A,2084.3709642322738,406.4526650534819,4227.225933514838
ID078,A,2633.3894928058085,360.7810471500371,6110.82703711863
ID079,C,2245.971478755548,407.20158678970483,-1828.6852014254855
ID080,A,2767.982907314193,388.76820421866296,6363.326177908736
ID081,C,2616.028349408693,384.2890029229381,-2231.151373356033
ID082,B,2498.45971844224,398.2742146378505,4983.380035650896
ID083,B,2220.9580015461274,403.73492145952906,4441.8959564565685
ID084,B,2051.77794443256,396.70324096159294,4114.226114425627
ID085,A,2640.6217804988773,403.29597898098626,5924.858946127388
ID086,B,2566.7002446506776,390.1737418795723,5147.112257627276
ID087,B,2438.606054193107,388.12123734300746,4904.251149252672
ID088,B,2486.0669430941093,396.7013521547719,4978.557805289491
ID089,A,2290.6348774889875,404.32205354631435,4832.669543531765
ID090,B,2466.189505443587,408.4914090711468,4916.053861649024
ID091,C,2197.520546437723,408.2013421516536,-1782.4554351908102
ID092,A,2484.119864637777,410.59570827211724,5362.729086827085
ID093,B,2599.9017225718117,387.6671445244003,5177.788538874133
ID094,C,2305.3054711296772,390.6009906357317,-1898.1474348801175
ID095,A,2037.0830698864715,386.62757664695204,4175.553727297195
ID096,C,2997.838100448838,394.516331968741,-2584.024421647757
ID097,A,2208.972333314675,394.41655960697994,4652.7199542370545
ID098,B,2887.70048881206,385.1209658333463,5776.849829452388
ID099,C,2218.3714278646053,399.2968066714376,-1834.1906540059206
ID100,C,2136.2401290475664,388.8517151567409,-1752.4589369517328
ID101,B,3002.0942436168903,372.92096981684995,6009.287665966426
ID102,A,3092.61753527316,398.94858979683175,7310.842326597365
ID103,B,2146.896383810826,395.52333539315515,4284.874469021779
ID104,B,2885.8386134119664,399.7833354657884,5778.5710224696495
ID105,A,2761.532047132182,386.3054271017602,6344.605646257889
ID106,C,2204.2120109507077,406.4010975699719,-1822.4886775092916
ID107,C,2528.037839490335,406.54816835905257,-2126.275107057857
ID108,C,2014.1075963246237,402.6989830077122,-1613.4909513453574
ID109,C,2012.372173566979,388.81371717166854,-1635.3966997341781
ID110,B,2345.6663506246846,392.542005135235,4683.059712311949
ID111,C,2593.8361217184824,409.523213889525,-2181.052696991406
ID112,C,2969.3537813822495,406.15298761889676,-2552.723081646319
ID113,C,2745.530651168353,404.1243030400575,-2347.4472720354765
ID114,C,2620.6449446694737,398.4724173428045,-2236.1224991072804
ID115,C,2535.4166674978924,401.1908102190688,-2127.2809194348656
ID116,A,2510.6328316417703,411.0450165255144,5466.444762695456
ID117,B,2356.629671297521,378.1802693424873,4706.462161077696
ID118,C,2687.107951102209,422.7196278928834,-2265.6800452521097
ID119,C,1759.143074735501,387.0738470191067,-1384.744471642077
ID120,B,2155.262873425957,385.2271107807044,4319.607902855432
ID121,C,2349.7087641814055,393.7191347784035,-1957.3867345871065
ID122,B,2504.4278435107244,410.67048691444046,4994.843698597642
ID123,A,2382.684826275008,394.79946764532,5172.026654772369
ID124,C,2383.4741266090323,389.68652211796683,-1982.4943673835148
ID125,C,2815.042587079541,413.126387578094,-2373.751631761762
ID126,A,2490.379183835646,390.7374241575318,5522.6573463677405
ID127,C,2485.679840328838,403.69710914042236,-2097.223404528981
ID128,A,2416.7971152693685,403.45384474700495,5218.795710382912
ID129,A,2358.359119598668,417.7079675195109,4977.788830952509
ID130,C,2444.4011089920104,434.7926333978655,-2032.0194895479954
ID131,A,2558.6260677279615,393.37770098765077,5710.108428314375
ID132,C,2946.514881128646,365.57587396755406,-2576.1649675323783
ID133,C,2597.453070097453,432.31685714267024,-2168.629593897691
ID134,C,2143.5573029759976,389.81237850025747,-1759.554237378259
ID135,A,2455.1757153280455,408.21376259635775,5315.34396857772
ID136,A,2409.00132546842,396.1585538273879,5228.53494084805
ID137,A,2092.090888217502,381.4667840063706,4360.047450623485
ID138,B,1858.594795192727,392.23274837956194,3725.0939734092626
ID139,C,2620.28112964953,396.7307438485448,-2231.9836766010976
ID140,A,2712.052716629901,406.7195541006494,6093.615026027576
ID141,B,2737.782335418426,408.52232765212136,5471.6174139949335
ID142,C,2429.9730754313036,405.82747110517636,-2036.8389409288047
ID143,C,2757.923594134511,400.5339832432921,-2356.003549158392
ID144,C,2609.8841605434145,388.38793578903613,-2211.3289301883997
ID145,B,2717.926948182886,379.3538834456112,5432.059924166434
ID146,A,2505.3815365568407,409.9986784226482,5483.123591857284
ID147,A,1814.3560264227626,390.2890408597762,3474.8644238414727
ID148,A,2056.346461719531,402.6134552599572,4142.377282264334
ID149,A,2094.040017625187,397.26553847841484,4296.341201947141
ID150,C,2491.3163415145023,392.9506432045657,-2087.103292011436
ID151,C,1984.7702585631812,402.5829445210426,-1577.4718158705177
ID152,A,2154.1272228502817,407.18194931053284,4429.076488333885
ID153,A,2782.3092432954068,417.48223171482044,6255.340031089663
ID154,A,2191.441920657167,403.5366442763457,4565.953368229173
ID155,B,2519.660742941665,405.7585442304672,5044.15163283138
ID156,C,2623.1410871312114,418.18709092590086,-2208.7002336894616
ID157,A,2149.3208933005976,403.3029896806608,4423.814533484389
ID158,A,1925.6777122268707,405.519310961323,3757.374130129384
ID159,B,2521.9706707473865,373.90823985146807,5049.1315598385145
ID160,A,2724.9064398977835,400.4438958938054,6146.074030020944
ID161,C,2525.8414900589974,369.19486175731464,-2175.4371937728406
ID162,B,1978.8295218426724,400.84087835182356,3952.862890962349
ID163,B,2546.480133232265,393.3063159905592,5100.504571025724
ID164,B,2408.1700482732085,405.73565562093455,4815.088358578016
ID165,A,2770.582245169433,410.4856840326683,6263.706428818091
ID166,A,2749.713629925973,406.92106128070077,6204.84531028109
ID167,A,2373.488236465944,401.866540992958,5105.482534003915
ID168,B,1824.6915122655798,395.8149428771407,3663.8881554028876
ID169,B,1994.2827667648094,436.85243581934463,3976.259507076669
ID170,C,2738.7118468532385,400.3896871919424,-2347.05895906971
ID171,B,2397.224641201921,398.21521668557034,4790.806529651125
ID172,A,2610.5400722211766,385.8990420040662,5914.578276035271
ID173,A,2470.77098806432,393.54042820981596,5418.6978383265205
ID174,B,2691.6620494858466,410.5109857550517,5385.112885939842
ID175,C,2818.4160050214173,412.23974225288896,-2408.295019890752
ID176,B,2267.923969007111,386.1685509795889,4516.761661386106
ID177,B,2291.1953687198325,401.9309364075451,4582.201260593637
ID178,B,2376.2930680039112,370.3672751083065,4768.536357970677
ID179,A,1956.9079089174538,397.37569795350066,3888.890382480314
ID180,A,2959.248039326276,371.23624965429576,7036.086883653063
ID181,A,2490.024672036841,401.79988559406394,5448.6483819062005
ID182,B,2478.4053886601755,400.66924129710304,4962.747775669846
ID183,C,2520.5958934887267,400.70324685150473,-2120.8156050481475
ID184,B,2849.670878578947,413.28093199775566,5691.481479350443
ID185,B,2425.451211307944,375.3890182436731,4865.72788540864
ID186,A,2356.155122290823,412.76454130347713,5001.261357314556
ID187,A,2247.562998609792,397.82149815383457,4750.879760741946
ID188,B,2459.696125220861,408.8024181151532,4908.3326617523535
ID189,C,2272.825098542901,386.0820193763411,-1899.581279286623
ID190,A,2549.0169404040744,409.5501477118051,5597.415790094323
ID191,C,2218.058369877698,385.3075801236243,-1847.6687977004428
ID192,C,2666.903247205969,399.2254187864534,-2262.7663716575053
ID193,B,2061.348904818348,422.8789164374786,4131.614795905027
ID194,B,2450.7236677344335,380.4613954506513,4896.156716813649
ID195,B,2696.9910030614637,407.4590645775042,5400.730383314885
ID196,C,2259.639687104103,384.96817763799737,-1870.1892089401713
ID197,A,2251.7243987088927,399.09382500354144,4762.172189699437
ID198,A,2327.5512871595074,382.40157737087264,5082.287517545589
ID199,B,2493.7745246356767,385.3977877330447,4974.202044854994
ID200,A,2155.333142803364,411.2245610315267,4390.875208194146
ID201,C,3025.1171980856548,398.55494552371323,-2635.5607726784656
ID202,C,2855.9254953123645,394.3602456536257,-2462.4130023016205
ID203,A,2358.955827599686,381.77121868129814,5170.641587134861
ID204,C,2727.9471146711435,408.2458045982087,-2322.6648254438205
ID205,C,2415.1016952952614,402.13453578635296,-2023.3983169697024
ID206,C,2303.201746034842,399.4223679477075,-1884.640864127783
ID207,B,2872.6385485019373,387.4343553431528,5741.306768780027
ID208,B,2059.433061668152,378.3958715098589,4118.3345450738625
ID209,A,2753.5201158911827,396.6217094970836,6286.637053889161
ID210,A,2324.742858673326,390.7665010392943,5008.793881612052
ID211,A,2340.999289439277,369.2704430643526,5189.971375917651
ID212,C,2946.282942899872,416.39736541124705,-2532.1862748186513
ID213,C,2323.5235548023024,400.83850700921107,-1930.0460508420365
ID214,B,2079.9214278544896,375.73166364507637,4146.951406573275
ID215,B,3417.1973000883186,417.39512417199046,6845.715205325543
ID216,A,2597.662009200639,394.48362887595994,5824.68891067379
ID217,A,2615.5389224294995,380.5798214394083,5948.83974634271
ID218,C,2603.2124691955055,390.920123109255,-2219.2386152285767
ID219,B,2167.2054947405472,400.4549197042192,4321.847604961167
ID220,B,2602.6172538307615,404.5199334896354,5198.785094884354
ID221,C,2326.9338629538925,384.0217240224178,-1934.7187750842152
ID222,A,2839.8223662030728,408.6617651437506,6461.74714877458
ID223,B,2649.749861341466,392.93867372755255,5284.035790083446
ID224,B,2758.04859480804,389.44330563218585,5517.740172122672
ID225,B,2487.177003166907,395.3768321786744,4965.427980688546
ID226,B,2477.4468559559505,393.88084711849353,4974.708575855482
ID227,B,2450.9269098637233,409.0317535572404,4886.511930150695
ID228,C,2311.9060275681586,415.38688486717984,-1891.466959356982
ID229,C,2993.9517399018505,408.0621034396345,-2588.7703257968324
ID230,C,2466.0173674177663,407.2811716195097,-2056.2936155619755
ID231,A,2901.5344149379266,401.70583645482213,6683.988868743606
ID232,B,2603.737288458799,390.5590332997266,5216.698474668647
ID233,C,2669.9910785091292,405.0924833707874,-2246.7876809374775
ID234,B,1972.0518340868468,425.83326556322544,3937.232332749149
ID235,B,2123.209215813223,406.9157420229423,4268.032371560078
ID236,B,2799.7983915079813,412.25723416539364,5606.753642889325
ID237,B,2512.0504594046542,408.237666897152,5022.010955257346
ID238,A,2652.542196674719,401.2583318974234,5947.881668087964
ID239,C,2570.6001006464685,425.1514449926116,-2146.7143456793756
ID240,C,2243.6485384919315,432.6780220084054,-1795.0982847392002
ID241,A,2667.032839762861,372.24137560250796,6134.470803150097
ID242,B,2156.5580299805215,406.73751048288904,4317.045180092151
ID243,B,2484.2623884632194,403.2602092117516,4969.786972732392
ID244,A,2666.394177844767,413.1757327826395,5927.9443965982955
ID245,A,2446.3247540550024,403.97598829341393,5292.057047240387
ID246,A,2438.946892997294,394.00506469650054,5335.064659415745
ID247,C,2619.0077805381156,402.7950508608181,-2218.4038115855983
ID248,B,2813.5249013040348,372.32693908141334,5636.990674410973
ID249,C,1998.271409773946,400.1073399859269,-1608.512469766788
ID250,B,2670.539863767539,386.43446724224515,5327.590596206038
ID251,C,2389.0251778544975,379.7725618312114,-2004.4578646211696
ID252,A,2784.8860652348408,411.1784663476432,6303.868997046272
ID253,C,2494.2104875601976,373.65470045369835,-2139.76676406618
ID254,A,2541.9697740049396,382.948435491806,5700.644182944656
ID255,B,2095.980610391516,413.53809526169226,4186.432271033614
ID256,B,2140.0758477701856,380.7146584244253,4277.023146343017
ID257,B,2159.1593388166743,404.6545393504931,4282.905605945808
ID258,A,1875.3610753022708,386.62878147835823,3702.5764805892222
ID259,A,2004.1624135407276,401.2185264191638,4000.9489333530505
ID260,A,2705.0152105608386,391.43509465285354,6170.038265267598
ID261,A,2429.5226035372543,399.037769474418,5299.327211832745
ID262,A,2776.1208120772917,395.81891193020186,6363.621949833247
ID263,A,2781.213969481539,386.4881729752793,6420.066190777365
ID264,B,2686.5222560453617,431.52342214574435,5355.627922677423
ID265,A,1995.73918876138,390.6975025439445,4033.3123319246124
ID266,C,2698.3653240708945,402.3445575292674,-2292.5622370899455
ID267,C,2687.352243693796,391.0187269832722,-2280.5248004993227
ID268,B,2856.975000315516,410.58876407108113,5717.6609361940355
ID269,B,2295.111403877129,422.2863130644961,4585.835142274602
ID270,B,2304.062048276353,400.2523162706543,4606.73453631756
ID271,C,2628.929994855829,396.1419064322432,-2228.645805617032
ID272,B,2448.0184086454306,402.47808320153007,4890.362797759107
ID273,B,2824.1803750633276,407.6039823530441,5645.5593489336125
ID274,A,1632.1617112826796,399.2100533079516,2904.0227289947456
ID275,B,2271.579600533611,427.59558134335833,4544.4450858675045
ID276,C,3092.5413520954817,384.8329600909118,-2708.2584940171396
ID277,B,2831.7802356894476,403.32415661178953,5650.067467388611
ID278,B,2833.9595068573512,405.04035724615835,5678.104143606508
ID279,A,2498.342501882224,407.2828383004829,5463.170080549894
ID280,A,2110.158515530256,393.3428743249858,4373.613052987
ID281,B,3005.1767374495644,395.1518380155154,6006.094870392628
ID282,B,2884.711725579246,402.9299612464693,5765.719569723076
ID283,C,2396.892932876666,381.443890051127,-2020.8619324910426
ID284,B,2152.7850640987235,383.2398916100361,4305.808014835536
ID285,C,2317.3248971110374,395.8530956810206,-1910.245236496284
ID286,C,2199.3450337885915,405.16369268566217,-1799.5297141328078
ID287,B,2346.697443490854,397.7185877177775,4694.647432576143
ID288,C,1908.5164705533098,398.8973688934421,-1514.544846794965
ID289,C,2797.823430534601,388.0617042610855,-2398.1993072585647
ID290,A,2863.5095376622658,385.1762618643416,6658.299464675318
ID291,B,2277.31921369875,402.0642373171018,4568.777392016822
ID292,B,2829.5640011184682,414.3890749957698,5653.775088236026
ID293,B,2111.553599995092,416.1255101457727,4220.046783830088
ID294,C,1809.6830041937983,385.50897856979606,-1426.9697353947015
ID295,B,3295.5439423679836,415.85481837727406,6569.591579061005
ID296,B,2537.203383374619,415.2782368618356,5072.043941250503
ID297,B,2773.118748646045,413.78312067354574,5562.03653217669
ID298,C,2663.551013445782,382.26345870281324,-2280.7926866945727
ID299,A,2736.9894440323615,377.5072192176132,6329.035923998994
ID300,B,2559.8018136166697,419.1830432099268,5118.809887193301
ID301,A,2458.001519620272,376.82385504933137,5485.429917358962
ID302,B,2466.0802283575163,385.79155180958446,4919.368430526628
ID303,B,2407.122170757741,426.62614108544136,4823.338531797985
ID304,C,2482.8445899423537,410.144977851918,-2072.2704954127457
ID305,A,2218.701472346588,413.3592681100043,4612.36146819346
ID306,C,2331.006988488359,433.0419414833619,-1907.7574952464709
ID307,A,2767.9790279668737,395.4312649133295,6328.196800459341
ID308,C,2367.9666115293926,420.63507077149535,-1969.2831967584038
ID309,A,2228.4661321146696,400.11745267433884,4682.253188435168
ID310,C,2402.630055294848,434.34904838992526,-1972.6453848026222
ID311,A,2584.9864535403703,364.52354990857856,5940.046316640978
ID312,A,2260.62261277155,409.11939108838936,4737.129418232434
ID313,A,2970.0186826339404,378.34125094608896,7026.569636422298
ID314,A,2835.8379736899087,410.152630970027,6468.752077584615
ID315,B,2209.4261187764396,374.1080383132899,4412.100840864498
ID316,C,2869.968618681019,395.06528761696234,-2483.704604243438
ID317,A,2233.5785095431406,395.2132289410334,4744.862608608797
ID318,A,2336.4745982164754,375.62785981502856,5146.468326704382
ID319,B,2682.558712398812,372.36745859354966,5372.182082331428
ID320,C,2239.9631295245204,390.5495631057384,-1845.629264224035
ID321,B,2330.142797693224,394.0514385925059,4664.490233426655
ID322,A,2417.0641754808903,395.6655863531061,5277.168447284941
ID323,A,1857.3878486443414,374.042335750754,3697.5754947212854
ID324,A,2851.454879782509,397.06237087090136,6558.5226301985585
ID325,A,2522.0409620932955,426.4490185294099,5437.237285664939
ID326,A,2428.523546281259,392.1701388146016,5305.468910948069
ID327,B,2599.452445139118,384.5163628163287,5209.265268390088
ID328,A,2241.22753168187,416.7124117833155,4618.530166914216
ID329,C,2581.8565490716956,403.67171943561,-2186.4231572226113
ID330,C,1912.8435404660283,380.58202887643023,-1532.2450364271858
ID331,C,2364.4025925613246,387.46279189018554,-1986.2728260520405
ID332,A,2443.3684308771576,417.29890580944925,5244.834669922236
ID333,A,1903.3075938442048,370.90659427897253,3860.465720885024
ID334,C,2418.4949793930296,405.9448252618598,-2011.1782929010556
ID335,A,2543.4803903606967,392.44839148107485,5667.5978136496515
ID336,C,2606.801678366339,409.0080318592419,-2179.1634889878887
ID337,C,2672.4615556327362,410.20845874881275,-2272.700399022174
ID338,A,2510.4463030092397,405.9993485014014,5506.830876075748
ID339,B,2500.131929317938,400.4635397421942,5001.88913706985
ID340,B,2548.3613839473865,423.35358103010753,5096.531638399974
ID341,B,2080.587040354934,376.2176344864842,4172.1892001153565
ID342,A,2194.8858763832873,397.94618614965685,4589.526529775653
ID343,A,2173.1887490882546,390.05177039006685,4571.701897831529
ID344,B,2725.2284205832793,385.9876898709003,5444.296275186504
ID345,A,2548.6354862900625,411.9334241612413,5581.316216849675
ID346,A,2687.170133171436,402.25767217786506,6034.9598021640395
ID347,B,2755.1394109510393,405.3645954255037,5515.383418226837
ID348,C,2737.063379903603,414.46717804552435,-2324.450156736918
ID349,C,2533.2180594174106,388.57547559470225,-2148.7682416427297
ID350,A,2823.3722428229544,412.5621160440409,6416.7110673055195
ID351,C,2493.3924654068446,387.95815373757324,-2084.029369027671
ID352,B,2360.1860221676625,403.20423396383114,4731.904689464267
ID353,B,2663.17634491706,424.6837850761909,5320.498679149927
ID354,C,2168.5940501202217,396.2152689943767,-1783.7772683549229
ID355,B,2282.8835905772034,386.2997174408587,4555.1170723074165
ID356,C,3018.270008720301,416.17345344621566,-2613.858887886123
ID357,C,2515.017175746468,370.4705040733649,-2112.178432259799
ID358,B,2510.351502565453,414.09857696887923,5006.453980424593
ID359,C,2220.908875770846,406.9484376395886,-1816.1969422877153
ID360,A,2766.69403360137,362.875771243236,6465.205605126122
ID361,A,3008.638549850366,399.04812107227923,7031.070245173475
ID362,C,2495.911747243254,404.9616705956452,-2073.1867281268337
ID363,B,2417.1423978189846,394.20492756443656,4826.0849298514795
ID364,B,2516.6040575439883,389.6588001720787,5052.624583487639
ID365,C,2813.802390420578,424.16166357788217,-2409.3353917359404
ID366,C,2530.4925945219866,431.28961743333144,-2105.562837357087
ID367,B,2668.049002866544,403.49152436847857,5354.373954170271
ID368,A,2403.766039230712,413.1068057941346,5134.628264323782
ID369,C,2322.200555317755,374.97574848011936,-1951.4913547734639
ID370,A,2382.3911721065124,429.19774835711456,5009.800151044281
ID371,C,2489.370553071988,397.9690336054084,-2085.3884497406752
ID372,A,2406.6517004111142,399.27567206968274,5236.2019490647735
ID373,C,1717.3175054252208,420.03543920759574,-1305.4499553367373
ID374,B,2653.365805274268,423.74434580121226,5322.477676092139
ID375,C,2056.5039211000767,407.4210842621707,-1642.9739821832297
ID376,B,2258.0179431158385,415.68425441668325,4534.147753700073
ID377,A,2731.973899030019,384.36265891155483,6267.622138891754
ID378,B,2953.6217350754064,380.8691661378687,5897.548111562918
ID379,B,2891.4947409605534,375.4303330389975,5780.832511382943
ID380,C,2490.0888961404703,389.65241221522973,-2123.142986338856
ID381,C,2860.381330898503,382.12899041015515,-2453.1058920559653
ID382,A,2474.918671496495,398.6112059535852,5437.291085534101
ID383,B,2174.303544551296,403.00146749175997,4345.083430659352
ID384,A,2119.4449027095225,407.3855295913382,4316.19655381356
ID385,A,2267.581849809032,377.43517546825836,4914.245245574557
ID386,A,2319.1904019335457,397.2172035717152,4956.879406348677
ID387,C,2386.1423898400926,374.70016784646725,-2034.246504091557
ID388,A,2155.7097540960804,392.64898111520887,4507.731935492522
ID389,B,2524.8079267885123,409.1117909372959,5054.2666146900565
ID390,A,2806.7705212359333,428.79984632702264,6281.976463099775
ID391,C,2056.284487257746,380.89165420505924,-1680.4054645304457
ID392,B,3070.3154164310495,406.4931340193644,6131.444664083758
ID393,A,2238.0046828495265,400.62409989455807,4696.244065972424
ID394,B,2475.4419603454216,417.12918082400904,4957.22723056436
ID395,C,2851.568475094424,412.87619541957275,-2435.9822856959704
ID396,A,2496.7195355897425,398.768659685878,5510.979571733967
ID397,A,2401.772383591727,406.72006092877336,5171.419244968558
ID398,A,2719.5866447649532,394.0068266495476,6196.104002273572
ID399,C,2334.565245940052,398.0998411556634,-1923.304288483194
ID400,B,2274.3598862398803,391.4957524734737,4559.27766555972
ID401,A,2181.591826865768,389.7812070119586,4587.644353372259
ID402,A,2702.5399910855276,408.5694319269873,6054.64136253874
ID403,A,2774.1670990244174,389.3549514037165,6395.152801214624
ID404,A,3033.255155528119,430.3508648000148,6940.258574955556
ID405,B,2651.043737334461,406.49677752253655,5311.249391439945
ID406,C,2502.07586674195,391.8623894582624,-2078.652555657293
ID407,C,2409.6078382623823,409.6862698608375,-2010.127605890705
ID408,B,2470.867708024739,417.99030099664105,4946.223590228547
ID409,A,2558.0435885279544,384.9698756703428,5750.342527207908
ID410,B,2673.020004736434,394.52572145976796,5339.987549039952
ID411,B,2216.2209012608805,398.7528549837288,4423.446810076491
ID412,B,2406.609103771095,412.91856743743824,4801.35020450777
ID413,B,2344.806594628986,397.9418545639825,4699.17499408815
ID414,B,2516.700088814032,374.11840998875306,5029.112486299892
ID415,B,2556.890617475087,385.9633220432072,5124.154929741021
ID416,C,1763.4644621215768,388.122888875325,-1360.9894641769413
ID417,C,2649.1939813229824,396.00091849737873,-2248.9752160169382
ID418,B,2348.496097396711,410.2777137027686,4701.783405291718
ID419,B,2615.8301961857464,414.2181190933036,5229.064698176528
ID420,B,2360.493985903658,405.1246004353651,4741.762311310651
ID421,C,2535.909164211376,391.193213753942,-2122.342262831068
ID422,A,2656.8253139576896,392.0323125853422,6003.087102242306
ID423,A,2576.2168975899945,392.7036825607515,5752.131587154037
ID424,A,1846.8951759055158,414.6621092824455,3459.93744983899
ID425,B,2610.110661729846,391.6610009925691,5219.5346963005895
ID426,A,2599.860232029333,390.9148446734152,5842.139716926734
ID427,B,2351.239591270347,400.79092035531096,4699.491031876214
ID428,A,2528.2343068712817,429.1558134081407,5455.586053640887
ID429,C,2614.6114960951368,394.27827833282953,-2228.467995791819
ID430,C,1959.7596652391317,435.6491850903849,-1528.167745049712
ID431,B,2638.836910954107,418.8792194062871,5281.660720630395
ID432,A,2457.097428824786,408.14771322319444,5340.041588896597
ID433,A,2578.676459775249,393.55138979968063,5782.2730860370675
ID434,A,2530.1669263646986,425.98339754331045,5454.857142533997
ID435,A,2950.1970289120395,407.4812525921191,6818.265644402263
ID436,A,2485.770875890647,399.2875415951867,5463.655665308046
ID437,C,2276.178642576661,404.781362022923,-1873.6203975471906
ID438,B,2084.99518819225,401.28415198353684,4167.913988655823
ID439,A,2413.7828472756714,393.36313169951643,5279.553913304852
ID440,C,1938.0560177040313,383.65138747917854,-1552.8169612798456
ID441,A,2198.1240932491305,387.7542557863952,4657.114834470445
ID442,C,2436.350945921059,385.84405457365204,-2035.4683226875738
ID443,B,2134.8679598669405,382.68950570467365,4293.717750501163
ID444,A,2547.8458886029784,407.4531300711906,5585.541612020589
ID445,A,1985.593760097077,424.6600619059336,3841.3927738521043
ID446,C,2565.5561149806085,408.15449704593385,-2173.8474891409764
ID447,B,2894.429235589964,407.13799938685344,5796.482190390288
ID448,C,2584.659272427527,395.73160758393294,-2192.9031095924865
ID449,C,2247.9749029459017,417.1491530867144,-1845.5478832276222
ID450,B,2206.0087018992144,411.14712315291274,4422.498284805601
ID451,A,2581.660658392387,397.9412493761356,5773.037411599096
ID452,A,2844.832186940396,390.87968482305223,6581.249962082288
ID453,C,2077.5019620263793,403.5166139825278,-1670.3292103638769
ID454,B,2528.8932369013514,368.4141507599542,5055.884645312411
ID455,B,2485.8611677577637,409.25401355987015,4969.708770483607
ID456,A,2231.2218839321795,422.3131905794884,4595.747042901793
ID457,A,2860.6222617922162,411.1934467543507,6529.851142152178
ID458,C,2426.6792237551167,400.73187779354595,-2028.6358199762587
ID459,A,2554.594925193006,394.96418282551366,5699.557540143947
ID460,B,2098.477432792025,411.87243179348394,4212.999772052868
ID461,C,2344.9096590363483,393.01489691052865,-1948.8547865301086
ID462,C,2301.7498770900593,409.5487266825947,-1882.0845351020685
ID463,B,2591.6197964809053,432.62970195130606,5163.366800799221
ID464,A,2041.039299758777,401.5721120555986,4114.13353229999
ID465,A,2288.3991984134796,384.93614286611563,4924.904196613702
ID466,B,1842.662938196198,406.57877253106477,3683.5535614707637
ID467,A,2527.777291953678,401.90336465382154,5558.39415170254
ID468,A,2117.161654812798,406.6742356793328,4302.672965134444
ID469,C,2690.3855426958366,401.2144838629095,-2313.0443554081908
ID470,A,2750.1875706738883,401.5964129203298,6235.890841851854
ID471,A,2307.2771148198367,404.90620718634153,4892.589540525784
ID472,B,2469.9939234122653,351.6680976583934,4928.856073765907
ID473,B,2574.515321727794,408.403730608463,5139.441352943731
ID474,B,2897.418412229599,388.75408911955,5805.756264131228
ID475,B,2712.111253829648,418.0198953418544,5436.013646679787
ID476,B,2425.2186171889584,418.5967184329484,4840.44402086732
ID477,B,2152.334103102943,424.72239727497526,4306.734089293153
ID478,C,2515.4791020764565,409.59400109873064,-2115.376810985462
ID479,A,2417.652983949338,365.3010573482785,5427.948421879854
ID480,C,2911.565928808587,407.76456133727436,-2497.4646988782565
ID481,A,2411.1684752652136,402.55570065370097,5203.356387530567
ID482,B,2434.5949348978293,428.4624222933354,4871.302760346828
ID483,A,2637.897135256489,418.82290598308333,5823.69634962945
ID484,C,2410.5126103672696,421.16942303451845,-1976.3169835074502
ID485,A,1772.5461065783084,401.9732182540864,3330.2433026497956
ID486,A,2575.8206112709827,398.4343894975283,5747.417836727182
ID487,B,2513.8134643246126,391.09786012210884,5031.00427147772
ID488,C,2238.958224696331,386.9433779870549,-1836.8028274175515
ID489,B,2966.3715967964185,386.3830412740343,5926.9794589444455
ID490,B,2624.347857920434,407.9299302533443,5232.830498727578
ID491,B,2294.254210794095,418.6588266190999,4600.868901037738
ID492,A,2565.6169934573577,396.4924740961528,5722.5438583599525
ID493,A,2669.514123617862,399.5681677126432,6031.167735416987
ID494,C,2099.0160400858376,409.4655544537705,-1695.389436612568
ID495,A,2397.4983169198867,400.6332451633912,5169.295543686706
ID496,A,2925.8809920502313,402.5475030021467,6754.866115370922
ID497,C,2227.1752908784842,412.34879853013865,-1810.4881494933745
ID498,B,2677.2715907725906,384.114815553959,5331.440543525166
ID499,C,2561.9384252286577,381.64738319524815,-2199.055726885492
ID500,C,2569.9806536189576,399.7041861743608,-2153.463905971683
ID501,A,2581.2054576530013,414.3267819476505,5704.666716273596
ID502,C,2426.67778119937,394.3139128296222,-2016.7502519447496
ID503,C,2634.883783683177,391.6624893321454,-2251.0819736707967
ID504,A,2086.2848669519412,390.5824383937631,4316.766843823965
ID505,C,2050.5633131677764,394.41617942486226,-1658.3229847666576
ID506,B,3072.670582853989,412.67346401235153,6135.754621792252
ID507,A,2705.793830813649,398.8742827102914,6116.502901999627
ID508,B,2014.0740647919008,391.90436678337323,4045.129265817189
ID509,C,2244.2422540904254,403.1960660154686,-1850.326563425266
ID510,B,2616.018971450051,418.6473122507067,5221.769391008236
ID511,B,2773.221827574192,390.74828986085333,5537.356259501812
ID512,A,2690.0429644560563,398.59394664432926,6093.05263308688
ID513,B,1894.223284933776,405.84023993733297,3782.7867849328427
ID514,B,2647.8292304989727,411.0453781054426,5310.140995039565
ID515,B,2652.0864189005642,419.9242917315305,5330.31261611279
ID516,C,2542.954679123619,396.54314076291837,-2140.031748952885
ID517,A,2348.331007617115,391.74965354743347,5094.718345070282
ID518,B,2113.515164715635,407.19795463880666,4226.039534224198
ID519,B,2502.8713871075597,412.59729726123305,4991.162123477402
ID520,A,2625.299002842747,407.2820690501415,5844.171419299718
ID521,B,2338.7692695879955,366.63377793106326,4676.717054506305
ID522,C,2593.7004685441348,426.7808520484354,-2183.9731713889537
ID523,A,2513.1322021604633,405.35563389355326,5501.712980292626
ID524,B,2421.3942504879337,383.3558186354157,4856.430313019238
ID525,C,2019.5170350175429,400.7510004222801,-1629.63009147196
ID526,B,2277.1833573256827,392.7997543405992,4558.8153598795725
ID527,C,2693.5172580592025,421.0070763295205,-2276.180064400361
ID528,B,2109.3292111850365,387.2520731481613,4223.5919501866165
ID529,C,2582.4550866515674,381.85952829150773,-2199.6446487649423
ID530,B,3050.590377818452,413.8270955963438,6097.584311612387
ID531,C,2248.018042725608,402.53231430798746,-1880.5427369377885
ID532,C,2265.872784769018,391.6550567679921,-1870.0578766771234
ID533,C,2444.429813087403,387.7387591082758,-2044.9747572449223
ID534,C,2462.1615487621225,381.04834351517684,-2082.1190557581044
ID535,A,2425.4240305293047,433.8977913067274,5125.314297490856
ID536,C,2608.6454679146022,419.4277325287901,-2173.677004803551
ID537,C,2375.951178403249,396.8092063189773,-1969.3443269906234
ID538,C,2962.116673594734,399.4644356759607,-2565.8250842437074
ID539,C,3074.3063137534014,412.1443152250232,-2671.472797303029
ID540,A,2644.2067885911783,414.9310016718623,5856.04728346613
ID541,B,2503.692788468317,409.2917091204683,5000.19257117476
ID542,A,2864.2730721842076,371.90066444051166,6742.0136434924525
ID543,C,2327.735433344714,402.50911570469475,-1927.5119987287164
ID544,A,1863.1147906195356,416.7012140243993,3526.692660796476
ID545,A,2837.4268158174846,427.0967547740456,6383.57511731743
ID546,C,2533.618237365003,401.10720516039464,-2134.2656725847755
ID547,B,2655.742367760717,413.1882904513546,5323.224608810618
ID548,C,2436.7165587552668,398.6181762310366,-2054.123575702032
ID549,C,2207.542885921507,426.79967211815307,-1792.2941196849924
ID550,B,2709.7630376424327,399.2059666114937,5416.943667181898
ID551,B,2804.8585601760283,404.9265108056683,5617.078116775691
ID552,C,2440.7045826612825,414.7882957210757,-2041.5272490403295
ID553,B,2602.5966471377674,392.0298626721868,5216.011654626448
ID554,C,2425.7754855894896,428.6564449670129,-1997.0845896743401
ID555,B,2977.6175021921676,407.52954232324856,5944.030647387759
ID556,C,2668.8759997452944,408.746157180266,-2257.8043829656317
ID557,A,2527.3178997427904,415.59679736010344,5512.265416103167
ID558,B,2747.3159015875135,384.84233648262284,5502.436169327443
ID559,B,2410.117473131275,396.8653785947219,4807.778502978306
ID560,C,2207.5057102559076,413.46294164486295,-1802.8630987405845
ID561,C,3079.1504053506615,402.7183839678162,-2663.2260332913233
ID562,A,2948.156283843446,412.4017292249077,6804.827376310744
ID563,C,2503.297229743385,397.5509803657601,-2098.467744246619
ID564,B,2735.1113569929007,435.730149983296,5474.777133085353
ID565,C,2698.6357588257893,401.0430974855962,-2298.0555245467363
ID566,A,2785.6120235276835,403.5588973587502,6338.177875699116
ID567,B,2310.715787477075,418.3455856542165,4604.908089996141
ID568,C,2073.916821118604,412.3350727754182,-1667.9244328911775
ID569,A,3280.2637516964046,385.1074204286019,7898.081036928092
ID570,C,2408.5790557495275,348.3913850835156,-2048.568276839071
ID571,B,2325.05961281168,412.43194843635143,4648.048828707859
ID572,C,2386.130647160288,412.25579149778997,-1985.3102425930108
ID573,B,2457.033029776749,385.87352186173115,4937.732337512811
ID574,A,2132.1577628887803,401.80202885121696,4401.66047306552
ID575,A,2154.560306356966,418.03512591837296,4360.344970771995
ID576,B,2415.044237271535,374.8269854518516,4842.588547414725
ID577,A,2479.042073455478,391.10578469203904,5481.456279499327
ID578,C,2645.0130242133587,415.75949326907653,-2232.473726458532
ID579,A,2799.0218392080324,400.06610337712226,6406.360689686001
ID580,B,2335.059412574933,400.0640385583364,4650.383276857698
ID581,C,1975.086167615098,373.19186949775735,-1596.6417111776193
ID582,A,2688.461576320679,389.20553679614324,6114.195656905618
ID583,C,2813.687783646512,382.40481596948536,-2418.433075253154
ID584,A,2549.524206077171,424.322401680775,5508.530224904847
ID585,A,2679.006333616875,407.469401393938,5989.822977192789
ID586,B,2728.2347799388453,396.13422638516926,5455.1547974904215
ID587,A,2789.944405914471,388.399712694269,6403.870765875443
ID588,B,2459.832329622628,406.1062381932045,4907.974769342155
ID589,A,2327.2696294390594,383.713299259484,5047.196910456293
ID590,C,2615.9655017440564,416.1743594563207,-2202.8470419301334
ID591,A,2380.194147846101,405.8718939259522,5111.296334482292
ID592,C,2702.614408893416,392.8185242434505,-2290.603333804093
ID593,B,2606.0620319820055,376.177494130476,5205.543875928414
ID594,A,2809.1026694273214,398.3970086344403,6424.357475829196
ID595,C,2349.1178338327986,376.8001224977746,-1985.3791229392598
ID596,A,2423.1984014048803,408.0204974860445,5238.356548698585
ID597,C,2662.8125330916773,394.7092990265702,-2272.7308397835327
ID598,A,2600.690708938508,408.0514244932482,5765.862976667303
ID599,C,2512.102506799469,396.66797535711794,-2133.2024298944925
ID600,C,3001.3185569381035,399.3228445388644,-2587.958616354587
ID601,A,2199.1223476995306,406.4123379022306,4556.651806990897
ID602,A,2920.7337079647623,388.8371766298642,6816.446460158425
ID603,C,2344.5035854395687,385.37917588820306,-1953.4935238800117
ID604,B,2023.0634583749418,388.9757267251336,4040.9970539496076
ID605,B,2550.359354593788,413.4408740090038,5103.234220376627
ID606,B,2221.927258850898,393.6957571076614,4452.590870216608
ID607,B,2237.1524662114743,364.8604540116944,4448.18684888223
ID608,A,3058.3756671015562,389.8824532758516,7235.483097781409
ID609,C,2588.8182107783027,381.5155630586659,-2222.774408984341
ID610,B,2534.814056760312,388.26869104506727,5090.494667499148
ID611,B,2580.588734505178,379.9721672765821,5166.406829792687
ID612,B,2328.458060338976,395.9377234038486,4664.774485935728
ID613,B,2645.696680359046,388.432557415775,5266.482922712236
ID614,C,2130.7731386545543,394.92811047851535,-1729.815919866029
ID615,A,1960.686844501452,409.7671769163592,3839.2826525480286
ID616,C,2158.878870493316,408.0427894851311,-1746.6391317635093
ID617,B,2811.4930684590354,397.6826513474784,5644.427301249844
ID618,B,2199.5245274915487,401.9378844333806,4391.71338116265
ID619,B,2089.8577049467704,426.44002880171706,4182.791968311434
ID620,B,2597.281491523901,393.7642510037273,5208.200727367212
ID621,C,2889.052897072704,404.58707782809864,-2485.551965968734
ID622,A,2891.172236142122,384.6084726098987,6757.67408808076
ID623,B,2311.1377943437337,398.5683619060011,4624.025710169783
ID624,C,2837.5257636801543,391.88935489520213,-2450.907735702594
ID625,B,2806.2063496819896,393.9672405082625,5609.307323197203
ID626,B,2269.281400162509,380.3798360501477,4529.5373154412455
ID627,B,2789.6458448613466,377.0913587667962,5582.085187850364
ID628,C,3073.025908748228,420.48007719375636,-2661.047836408037
ID629,A,3137.841192846088,398.1865872660449,7432.451449473888
ID630,C,2765.053527259037,408.66549210055354,-2340.131471091815
ID631,C,2299.3582494747925,410.9249296314186,-1886.4101389791665
ID632,C,2772.6678068493757,399.3419926357574,-2373.5748318327865
ID633,C,3043.618844280592,372.2362011994886,-2653.5624283463894
ID634,C,2423.055874861402,392.5922878447038,-2030.4901461365953
ID635,A,2547.3795942249767,392.54027400315533,5684.777041197606
ID636,B,2044.7267123579225,424.3241957241125,4077.9000101638153
ID637,B,2526.203721697205,393.4590873042073,5039.471620320381
ID638,C,2783.2579466062703,415.1030471172063,-2373.125629351136
ID639,C,2183.252167567783,401.0383262310774,-1762.9575980005625
ID640,C,2538.2995298398837,429.6017766427755,-2112.6358018796536
ID641,B,1611.5049012919126,418.55351563572754,3222.3428454198684
ID642,B,3133.0899513542677,378.4574023475021,6275.607805337227
ID643,B,2674.201011863292,402.2696941759721,5343.3079484330465
ID644,C,2279.502376233628,401.7756513522524,-1870.2235779004325
ID645,C,2414.2406708990034,390.9412226753851,-2014.0615636949774
ID646,B,2222.0374821171326,410.7745511603943,4440.907269812314
ID647,C,2347.875097122735,410.6859094163587,-1960.5667960474268
ID648,A,1936.6906857979577,398.7876936340828,3813.5241160129485
ID649,B,2673.765482927939,393.8805768699432,5356.798601782524
ID650,B,2938.1052838604096,391.4158890397589,5883.08539610745
ID651,C,2947.9064411468344,390.7437328849399,-2577.595507455243
ID652,A,2272.701089623414,381.17989205158216,4914.71602368696
ID653,B,2823.2139281207214,386.39688122182883,5650.793456710486
ID654,A,2144.2310842017087,398.42214200201664,4437.173125509343
ID655,A,2339.867049592068,404.9420544909867,4998.717229701749
ID656,C,2582.9096245916,397.2820741136421,-2184.1358543921206
ID657,B,2497.8270547058564,399.7953198072582,4982.983800414059
ID658,A,2077.3491573922147,390.4363309230337,4281.850699640732
ID659,B,2552.3997866632444,418.55659126169274,5105.660602130468
ID660,C,2841.854871586893,395.97929723752657,-2463.484833190383
ID661,B,2911.6135632747373,408.06885766724275,5808.484312118573
ID662,C,2393.169754760008,387.2325625600534,-1982.1336296192835
ID663,B,2332.0602058447375,397.12844342530593,4666.161035581973
ID664,B,2420.1025345159883,397.41402146903914,4860.336968514292
ID665,C,2404.23298476513,400.8627582932596,-1997.4105801807393
ID666,A,2410.5969688910973,429.908999113114,5094.100154078498
ID667,A,2536.8064719265303,397.5355447850855,5618.824560163613
ID668,B,2154.3596725577845,395.00583879999743,4302.005394113448
ID669,B,2184.914857296693,404.58298214949787,4358.267845984344
ID670,B,2755.8432492535317,412.37428425317813,5503.410585184018
ID671,A,2249.875811918451,414.35196793773304,4691.650616151031
ID672,C,2501.6540605554906,430.78902327664406,-2085.5972454500957
ID673,C,2524.2439725854215,421.6684656735308,-2090.901328319552
ID674,C,2458.755754923224,402.9718656245,-2062.8276280309874
ID675,A,2677.201137733619,387.9100638827227,6080.99280563338
ID676,C,2437.317838428741,414.5102465800655,-2024.0170856677219
ID677,A,2229.74866450003,395.32309155009193,4724.596370059096
ID678,B,2481.6367647381894,410.83076357640914,4954.763913490306
ID679,C,1932.1655928055536,373.5716459365056,-1571.679705916071
ID680,C,2346.583123210007,415.17562587118283,-1925.4766545896907
ID681,A,3118.5696018781064,397.03843292903576,7353.901581675347
ID682,B,2470.885095429579,395.9315039084851,4947.604820903223
ID683,C,3070.0929179134296,397.62299456550363,-2675.228618048599
ID684,A,2416.350378781669,392.0614613495057,5289.047336158683
ID685,A,2200.8416709080057,422.66230060907657,4468.503105825951
ID686,C,2185.819886731695,394.3416963607613,-1810.991007209982
ID687,B,2798.5335946077826,401.0644725793832,5588.2691307468385
ID688,C,2749.1121284920723,398.4620498702629,-2348.7432340312257
ID689,A,2951.758383880077,400.3944398026503,6872.432902728586
ID690,A,2654.0996701297513,403.1669808151855,5944.482603412785
ID691,A,2634.2902338194217,399.1928801997611,5922.390870383651
ID692,B,2811.6917672615923,386.4396780818967,5616.506431111233
ID693,A,2486.474677345674,407.25312682775643,5384.707145159603
ID694,B,2434.5965487346903,407.63837829806187,4870.235218077999
ID695,A,2619.218083023772,399.3551476307186,5860.231349173628
ID696,B,2676.751980400667,393.4568127262225,5343.9864937762195
ID697,C,3215.0479505683015,400.47772197201886,-2822.177168341658
ID698,B,2715.0384060180245,378.39598265596595,5438.502474757701
ID699,C,2518.644020883785,411.31007496547204,-2114.137306758566
ID700,B,2471.7520226846204,396.90932705414633,4938.691137880642
ID701,C,2775.1983618047443,387.23023892005773,-2370.236901583664
ID702,B,2666.2283680261144,395.07131974102174,5324.075905124717
ID703,C,2696.1357645684034,400.5972379987038,-2281.9506208120633
ID704,A,2147.8123234636496,408.1397145742286,4395.49463425535
ID705,C,2847.748063178723,442.9008184660431,-2420.724640101037
ID706,B,2677.2322488127124,394.6672685462083,5362.320221476171
ID707,A,2186.3557643526847,420.50138291100245,4445.937730770917
ID708,A,2258.0305633413054,424.5409567147436,4657.06695276923
ID709,C,3104.8640252324,405.42014153556465,-2686.7789357022657
ID710,C,2409.3544533200575,396.25222354608394,-2026.3947631484862
ID711,A,2702.125550835138,412.4070244383768,6072.973339236527
ID712,C,3000.479326810097,424.1244930392726,-2582.6224460896788
ID713,A,1625.0845291674116,412.5987625489388,2797.992074373723
ID714,A,2629.4991007998624,422.69010161754437,5800.951840039274
ID715,C,2281.2849122522266,383.6634231326707,-1889.539871716831
ID716,C,2534.529827983439,428.1063020302105,-2100.66607175201
ID717,B,2594.3022109946464,396.0639434221326,5188.3191559120205
ID718,C,2510.897642660128,387.37465276439104,-2121.9496709820946
ID719,A,2660.622518182008,409.18284802142495,5931.440704589041
ID720,A,2349.9730929856614,413.79004329356115,4978.858981971329
ID721,B,2860.855513587192,406.3656149028715,5724.99152354561
ID722,B,2122.5590755658177,411.5224014610814,4253.271720319616
ID723,A,2046.7535521964921,388.1986988690186,4190.365498594784
ID724,B,2129.7830919765115,406.5991867568638,4262.541969018665
ID725,A,2915.827401802457,401.94042275672757,6737.697705371922
ID726,C,2411.672467290877,389.7570353525406,-2012.9873004345945
ID727,A,2048.02730630279,392.8966503331146,4181.477808964271
ID728,B,2359.794615228498,383.41607861666165,4710.173626422501
ID729,C,2669.8488331548238,387.12710880836033,-2261.934686842298
ID730,A,2733.6000642073886,412.1932397074795,6136.788188569049
ID731,A,2496.707804999636,413.434141673064,5437.344482824209
ID732,B,2822.765368876162,383.43568556293,5651.927273742118
ID733,B,2681.0631172958774,409.9101095732931,5382.719352535676
ID734,A,2610.4202289214136,431.96698164401306,5675.7639662756665
ID735,C,2511.719373450293,406.7639026418407,-2112.521061776779
ID736,B,2336.8435066630814,372.54925417795346,4665.874352689111
ID737,C,2531.8287068451027,400.08777690692995,-2127.5452780902474
ID738,B,2378.065048423364,385.15777551918785,4733.157198079458
ID739,C,2113.2746395630215,382.98824011210866,-1721.632393946698
ID740,A,2914.7525937881287,398.1735001620008,6725.4277231069655
ID741,C,2654.469297350234,417.0647350065353,-2252.3015828456587
ID742,A,2992.2173432999,408.4308900065285,6950.754702168071
ID743,C,2296.339800988607,397.4510500858469,-1902.5829094262845
ID744,A,2303.3101187789266,404.28933084393316,4886.021406325237
ID745,A,2811.9976998888383,377.75890061976105,6543.583717142021
ID746,C,2544.5397066084834,424.65889401838905,-2109.6615893058197
ID747,B,2803.365087246944,415.8165701646569,5622.482250650123
ID748,A,2753.5438982095275,415.47131671322813,6168.323405631316
ID749,C,2726.421505025667,403.3904414563804,-2320.161298112971
ID750,A,1895.1620938220024,418.8290036449728,3586.2744715943413
ID751,A,2992.1990001619865,398.03169007677116,6990.60025116341
ID752,C,2494.921230066465,405.38882327167664,-2085.747827606424
ID753,A,2260.4017442462305,388.83801238162704,4832.330519587035
ID754,B,2793.274519365839,380.1631499439857,5569.133463269625
ID755,C,2767.9162029923236,401.129932879253,-2378.9408007316697
ID756,A,2495.1019419839895,399.79134870969534,5475.089083536979
ID757,C,1908.340402808592,400.61077391397697,-1521.9682305234983
ID758,C,2272.4687617494446,413.8724892004269,-1843.214079213298
ID759,B,2626.9835252999173,404.2293563768202,5241.479699364137
ID760,C,2474.0548537992227,384.6590874149475,-2098.561753183363
ID761,C,2081.198377245072,400.26662265915047,-1694.561484346495
ID762,C,2726.4398544972482,392.5329707630682,-2332.3531684603154
ID763,C,2373.992479815264,416.2142866812823,-1956.7394579433578
ID764,C,1964.768506216293,394.1236826977409,-1580.8814144917535
ID765,A,2805.1402518186146,414.4488789209795,6346.101427948172
ID766,C,2609.037604292879,364.4372843331295,-2218.439957176952
ID767,A,2624.7576455158155,431.982812546912,5722.872564490945
ID768,A,2196.8889598415394,393.7407287745014,4633.0553438004
ID769,B,2430.391702347055,408.8848631062744,4854.4951569818395
ID770,B,2691.7146139957395,400.1094920316816,5387.96984114974
ID771,C,2431.611626769674,370.0846427130093,-2044.519059854799
ID772,B,2533.7778509715486,376.38505625018723,5072.872786767981
ID773,A,2610.722770811877,392.1980198495005,5861.61560194707
ID774,C,2443.8906160015495,383.6056029017095,-2063.5984450059022
ID775,B,2523.1341814037614,366.2280913292365,5051.510326369677
ID776,A,3373.484918520708,400.2280192198878,8129.954302697679
ID777,B,2769.87094183921,387.4636462578039,5521.55589871866
ID778,C,2337.720943264497,393.6776751033029,-1951.4841325779948
ID779,B,2439.851391500833,384.1555081786605,4876.133088089678
ID780,C,2304.922350475837,392.70102055044714,-1906.0658064187985
ID781,C,2127.619108143134,423.5266783751717,-1692.058532886634
ID782,B,3098.028577189662,409.2552360085264,6183.823111586349
ID783,C,2073.4263463752736,412.98310160693325,-1656.5455836604417
ID784,C,2217.0714446344678,400.7939525427545,-1805.2628722238037
ID785,C,2845.0214258402516,410.2937490468839,-2438.313749815163
ID786,C,2720.3115346266372,390.9483112922813,-2336.6029568063614
ID787,B,2912.4944596377954,415.44358537828697,5816.0385507912615
ID788,C,2720.913984805452,383.72256750287625,-2329.7689262007557
ID789,C,2721.628337667235,374.7625561004841,-2332.654135821317
ID790,C,2632.460202714059,386.69153908242214,-2222.1760728171953
ID791,C,2714.375256004739,397.0117603211421,-2305.522913851148
ID792,A,3005.5853842462075,386.1354720623057,7089.45339511588
ID793,B,2997.324073576861,400.6567457643558,5983.20484006636
ID794,B,2617.325848588587,373.6113732018933,5225.720531144216
ID795,A,2320.153264297572,393.83437844847765,4977.085430877919
ID796,B,2365.701796251228,406.38795609235206,4720.035389994079
ID797,A,2839.6085251824843,392.232579190572,6554.962296571146
ID798,B,2407.3724331645294,388.87203745845073,4795.184659320938
ID799,B,2986.3671786799528,406.7553888758578,5968.298771144882
